[
  {
    "name": "Sarah Johnson",
    "mobile": "1234567890",
    "email": "sarah.johnson@email.com",
    "eventType": "Wedding",
    "eventDate": "2024-06-15T00:00:00.000Z",
    "venue": "Grand Palace Hotel",
    "guestCount": 150,
    "budget": 250000,
    "additionalInfo": "Looking for a romantic garden wedding with traditional Indian cuisine",
    "status": "confirmed",
    "createdAt": "2024-01-15T10:30:00.000Z",
    "updatedAt": "2024-01-20T14:45:00.000Z"
  },
  {
    "name": "Michael Chen",
    "mobile": "2345678901",
    "email": "michael.chen@company.com",
    "eventType": "Corporate Event",
    "eventDate": "2024-03-20T00:00:00.000Z",
    "venue": "Convention Center",
    "guestCount": 200,
    "budget": 150000,
    "additionalInfo": "Annual company conference with networking dinner",
    "status": "pending",
    "createdAt": "2024-01-20T09:15:00.000Z",
    "updatedAt": "2024-01-20T09:15:00.000Z"
  },
  {
    "name": "Emily Rodriguez",
    "mobile": "3456789012",
    "email": "emily.r@family.com",
    "eventType": "Birthday Party",
    "eventDate": "2024-02-10T00:00:00.000Z",
    "venue": "Community Center",
    "guestCount": 50,
    "budget": 25000,
    "additionalInfo": "Sweet 16 birthday party with princess theme",
    "status": "completed",
    "createdAt": "2024-01-10T16:20:00.000Z",
    "updatedAt": "2024-02-11T18:00:00.000Z"
  },
  {
    "name": "David Kim",
    "mobile": "4567890123",
    "email": "david.kim@email.com",
    "eventType": "Conference",
    "eventDate": "2024-04-25T00:00:00.000Z",
    "venue": "Tech Hub Auditorium",
    "guestCount": 300,
    "budget": 200000,
    "additionalInfo": "Tech conference with multiple sessions and catering for all meals",
    "status": "confirmed",
    "createdAt": "2024-01-25T11:45:00.000Z",
    "updatedAt": "2024-01-30T13:30:00.000Z"
  },
  {
    "name": "Lisa Thompson",
    "mobile": "5678901234",
    "email": "lisa.thompson@email.com",
    "eventType": "Wedding",
    "eventDate": "2024-08-30T00:00:00.000Z",
    "venue": "Beach Resort",
    "guestCount": 100,
    "budget": 180000,
    "additionalInfo": "Beach wedding with sunset ceremony and seafood menu",
    "status": "pending",
    "createdAt": "2024-02-01T14:10:00.000Z",
    "updatedAt": "2024-02-01T14:10:00.000Z"
  }
]
