[
  {
    "name": "Sarah Johnson",
    "email": "sarah.johnson@email.com",
    "eventType": "Wedding",
    "rating": 5,
    "testimonial": "NextEra Event Planner Caterers made our wedding absolutely perfect! Every detail was handled with care and professionalism. The food was exceptional, and the decoration was beyond our expectations. Our guests are still talking about it months later!",
    "eventDate": "2024-06-15T00:00:00.000Z",
    "isApproved": true,
    "isFeatured": true,
    "createdAt": "2024-06-20T10:30:00.000Z"
  },
  {
    "name": "Michael Chen",
    "email": "michael.chen@company.com",
    "eventType": "Corporate Event",
    "rating": 5,
    "testimonial": "Our corporate conference was a huge success thanks to NextEra Event Planner. The catering was top-notch, and the event coordination was seamless. Highly recommended for any business event!",
    "eventDate": "2024-03-20T00:00:00.000Z",
    "isApproved": true,
    "isFeatured": true,
    "createdAt": "2024-03-25T09:15:00.000Z"
  },
  {
    "name": "Emily Rodriguez",
    "email": "emily.r@family.com",
    "eventType": "Birthday Party",
    "rating": 5,
    "testimonial": "My daughter's birthday party was magical! The team created an amazing princess theme and the kids had the time of their lives. Thank you for making it special!",
    "eventDate": "2024-02-10T00:00:00.000Z",
    "isApproved": true,
    "isFeatured": false,
    "createdAt": "2024-02-12T16:20:00.000Z"
  },
  {
    "name": "David Kim",
    "email": "david.kim@email.com",
    "eventType": "Conference",
    "rating": 4,
    "testimonial": "Great service and professional team. The conference went smoothly with excellent catering and setup. Would definitely use their services again.",
    "eventDate": "2024-04-25T00:00:00.000Z",
    "isApproved": true,
    "isFeatured": false,
    "createdAt": "2024-04-28T11:45:00.000Z"
  },
  {
    "name": "Lisa Thompson",
    "email": "lisa.thompson@email.com",
    "eventType": "Wedding",
    "rating": 5,
    "testimonial": "From the initial consultation to the final cleanup, NextEra Event Planner exceeded our expectations. Our beach wedding was everything we dreamed of and more!",
    "eventDate": "2024-08-30T00:00:00.000Z",
    "isApproved": true,
    "isFeatured": true,
    "createdAt": "2024-09-05T14:10:00.000Z"
  },
  {
    "name": "Robert Wilson",
    "email": "robert.wilson@email.com",
    "eventType": "Birthday Party",
    "rating": 5,
    "testimonial": "Outstanding service for my 50th birthday celebration! The team was attentive to every detail and made the event memorable for all guests.",
    "eventDate": "2024-01-15T00:00:00.000Z",
    "isApproved": true,
    "isFeatured": false,
    "createdAt": "2024-01-18T12:30:00.000Z"
  },
  {
    "name": "Maria Garcia",
    "email": "maria.garcia@email.com",
    "eventType": "Wedding",
    "rating": 5,
    "testimonial": "Beautiful venue setup and delicious food. The team was professional and made our special day stress-free. Highly recommend!",
    "eventDate": "2024-05-20T00:00:00.000Z",
    "isApproved": true,
    "isFeatured": false,
    "createdAt": "2024-05-25T15:45:00.000Z"
  },
  {
    "name": "James Anderson",
    "email": "james.anderson@company.com",
    "eventType": "Corporate Event",
    "rating": 4,
    "testimonial": "Reliable service and good quality catering. The team handled our product launch event professionally. Good value for money.",
    "eventDate": "2024-07-10T00:00:00.000Z",
    "isApproved": true,
    "isFeatured": false,
    "createdAt": "2024-07-12T10:20:00.000Z"
  }
]
